area_key,within_xx,within_xy,within_yy,within_total,observed_between_total,between_xx_mean,between_xy_mean,between_yy_mean,between_total_mean,between_total_sd,half_edge_rebuilt_sd,black_count_mean,black_count_var,black_count_cv,white_count_cv,total_pop_cv,black_share_mean,black_share_cv,black_count_second_moment,half_edge_spread,half_edge_lam_10_angle_1,half_edge_lam_1_angle_1,half_edge_lam_lim_angle_1,moran_spread,year,cbsa,filename,total_nodes,total_edges,total_population,total_black,total_white,total_x,total_y,dissimilarity,half_edge_lam_0_angle_1,moran,edge_density,black_to_white_ratio,he_moran_abs_gap,he_to_moran_spread_ratio,spread_similarity,within_total_share_perm_mean,within_total_share_observed,within_xx_share_perm_mean,within_xy_share_perm_mean,within_yy_share_perm_mean,between_total_cv,similarity_tail
1980 CBSA 10740,3014872.0,30857501.0,940888927.0,1005618801.0,4243075538.0,4416963.168,119799737.84,3154768863.372,3398785302.22,169141787.02086863,0.0016598335168730917,93.37864077669903,20551.03138844377,1.5427224152402,0.7113483437904047,0.5269864552900443,0.019286390555667263,1.3524235950823968,29270.601941747573,0.0020141806649472465,0.0007019959981911159,0.0016598335168730917,0.0,0.02343683821574736,1980,10740,study_areas/1980/tracts_in_cbsa_10740_1980_march_2020_vintage_connected.json,103,260,454499,9618,254087,0.0211617627321512,0.5590485347602525,0.4022609488421812,0.5114533150878033,0.354759117700935,0.04949552636588616,0.03785317627426826,0.02142265755080011,0.08594080167323534,0.08594080167323534,0.22832119338568546,0.1915940872242894,0.40566992295273685,0.2048192389399296,0.22972840387490992,0.049765363793467486,middle sampled areas
1980 CBSA 17900,334969688.0,282090027.0,1422490788.0,2321640530.0,10874746160.0,757966090.352,1852079349.92,4452788183.516,8914912973.708,348803217.1291162,0.013133893326746365,1269.1739130434783,2030172.448015123,1.128804014759669,0.7948041156247491,0.5905667319841409,0.3174535410075983,0.9647930599917367,3640974.8695652173,0.01624169669438082,0.0050122465574606815,0.013133893326746365,0.0,0.03395040096641948,1980,17900,study_areas/1980/tracts_in_cbsa_17900_1980_march_2020_vintage_connected.json,92,236,410088,116764,283800,0.2847291313084021,0.6920465851231931,0.5739440537787273,0.6045816656587795,0.490185620096958,0.05637840420449116,0.411430584918957,0.017708704272038658,0.47839484165284435,0.47839484165284435,0.20661500247686015,0.17593001664306337,0.30648615832221104,0.13217790024103332,0.2421145948807524,0.03912581291122101,highest similarity
1980 CBSA 19780,12976416.0,32189625.0,1765597754.0,1842953420.0,8010061104.0,8007551.78,241892999.61,6854200269.02,7345993820.02,251541379.76614213,0.0059272463383295585,123.10714285714286,100705.48852040814,2.5893504923290704,0.5362191939318572,0.49808795819265544,0.04443479534427459,2.5525876022553935,115860.85714285714,0.006422883631671803,0.0038641453075770604,0.0059272463383295585,0.0,0.025603451962002668,1980,19780,study_areas/1980/tracts_in_cbsa_19780_1980_march_2020_vintage_connected.json,112,281,416583,13788,392292,0.0330978460474863,0.9416898913301792,0.7199284387696605,0.5637083687580406,0.4536769606114166,0.04520592020592021,0.035147288244470956,0.019180568330330865,0.25086006532259075,0.25086006532259075,0.20056197645509483,0.18704462634363614,0.6183966796006966,0.1174449677202396,0.20483052494789336,0.03424198085773196,middle sampled areas
1980 CBSA 20020,54321963.0,45668301.0,308794201.0,454452766.0,1757838518.0,81182583.6,296391272.676,1016488157.516,1690453286.468,94174934.5314542,0.01991299003247439,761.9090909090909,1065614.6280991733,1.3758747864555692,0.5866047700664694,0.4356223624902968,0.22467943547504413,1.0743073059208739,1646120.0909090908,0.024510168165072278,0.007911500129464321,0.01991299003247439,0.0,0.05289302400787382,1980,20020,study_areas/1980/tracts_in_cbsa_20020_1980_march_2020_vintage_connected.json,33,73,114187,25143,87411,0.220191440356608,0.7655074570660408,0.5613445855127213,0.5522081894002318,0.2560198438966526,0.13825757575757575,0.2876411435631671,0.028382855842801546,0.4633913190787431,0.4633913190787431,0.21187537117399227,0.20542175855717923,0.4008866444928572,0.13350978751805723,0.23300257414259692,0.055709871006386386,highest similarity
1980 CBSA 22500,128373237.0,78570301.0,232720122.0,518233961.0,2138205794.0,273980909.18,482052535.096,793299199.932,2031385179.304,105515441.66495806,0.020339635650365572,1568.9615384615386,2475791.883136094,1.0227310460838968,0.5602427571067099,0.3747505864158652,0.34223173235748716,0.8464623505066603,4937432.192307692,0.02555991473186446,0.007569557318602223,0.020339635650365572,0.0,0.059401325697469205,1980,22500,study_areas/1980/tracts_in_cbsa_22500_1980_march_2020_vintage_connected.json,26,58,110163,40793,68176,0.3702967421003422,0.6188647731089386,0.5197589193125655,0.5488907204625891,0.1974109466465292,0.17846153846153845,0.5983483923961511,0.033841410965604744,0.4302919914959649,0.4302919914959649,0.2032593624701959,0.19508590775475726,0.3190553352532623,0.14014823503647963,0.22681845948260188,0.05194260681822544,middle sampled areas
1980 CBSA 23060,44074199.0,46013220.0,1028028861.0,1164129500.0,5752242086.0,41159751.444,439628273.788,4293548485.884,5213964784.904,154760564.8991159,0.011948665289938697,318.6951219512195,435923.65095181443,2.0844631254901365,0.49400269156179116,0.39721342238436613,0.09825005297881215,2.068118878638994,537490.231707317,0.01373589332239643,0.006220842147889578,0.011948665289938697,0.0,0.030455026090831974,1980,23060,study_areas/1980/tracts_in_cbsa_23060_1980_march_2020_vintage_connected.json,82,214,294335,26133,260623,0.0887865867124195,0.8854638422205989,0.7404412821524651,0.6518337070211182,0.6309339006421218,0.0644384221619994,0.1002712730649252,0.016719132768435542,0.45102221490236755,0.45102221490236755,0.18251995784310077,0.168315060219785,0.5170967527658761,0.09474729937324183,0.1931812306743888,0.02968193520355074,middle sampled areas
1980 CBSA 25420,53703191.0,87151685.0,2560882489.0,2788889050.0,13776353744.0,58616050.792,751320242.44,9045122863.856,10606379399.528,635159216.521036,0.009485708321933845,363.2717391304348,451763.980505671,1.860361764988408,0.6668987926990892,0.5831580349753159,0.10785933013251645,1.918078596098831,583730.3369565217,0.010284786610864296,0.0057659047254465315,0.009485708321933845,0.0,0.029723480128014533,1980,25420,study_areas/1980/tracts_in_cbsa_25420_1980_march_2020_vintage_connected.json,92,235,446576,33421,404501,0.0748383253914227,0.9057831141843716,0.7389930814550235,0.5945397126442398,0.4455125991600654,0.05613951266125179,0.08262278708828903,0.01943869351715024,0.34601555963733976,0.34601555963733976,0.20819956393619496,0.1683578734511605,0.4781299280799191,0.1039410887208701,0.22065149990386823,0.05988464042209367,middle sampled areas
1980 CBSA 27100,19915418.0,23519209.0,766352203.0,833306039.0,3678584070.0,15525082.628,240631829.422,3009115783.144,3505904524.616,205837404.1247949,0.015336086603820683,335.3125,509922.33984375,2.1636968761943463,0.5519770884193412,0.46047352628894317,0.09007032425354614,2.056319720574478,622356.8125,0.01646090834406323,0.00992379547849086,0.015336086603820683,0.0,0.041541969348533214,1980,27100,study_areas/1980/tracts_in_cbsa_27100_1980_march_2020_vintage_connected.json,32,82,151495,10730,137603,0.0708274200468662,0.9083006039803294,0.7396399988272108,0.5545793937997632,0.2141304549863348,0.16532258064516128,0.07797795106211347,0.025081061004469985,0.3962476647642233,0.3962476647642233,0.19204093158954239,0.18469112032178708,0.5619395224983277,0.08903697346980101,0.20298204244149842,0.05871163994328686,middle sampled areas
1980 CBSA 27500,4542114.0,17324592.0,635679969.0,674871267.0,3368153192.0,2593136.808,92099149.724,2612685470.508,2799476906.764,180130562.25770986,0.006850637097450697,141.21212121212122,117698.95500459135,2.4671542749794533,0.4423528718105819,0.42952180674169754,0.03555507531560849,2.0853983545061445,137639.81818181818,0.007143004810173254,0.004479388783015688,0.006850637097450697,0.0,0.043397956580522666,1980,27500,study_areas/1980/tracts_in_cbsa_27500_1980_march_2020_vintage_connected.json,33,81,139420,4660,132785,0.0334241859130684,0.9524099842203414,0.6932252046412114,0.5350438303726359,0.4468301153617718,0.1534090909090909,0.03509432541326204,0.03625495177034941,0.16459311389281145,0.16459311389281145,0.1942439943400565,0.16692238047130745,0.6365738391294401,0.1583257136618294,0.19569225841051943,0.06434436441411057,middle sampled areas
1980 CBSA 28740,3404332.0,34071321.0,708997234.0,780544208.0,3101629060.0,4602490.692,113963422.966,2660142084.276,2892671420.9,191578999.3488212,0.00213173984985002,156.7,60553.409999999996,1.5903693532147583,0.5941499897265182,0.638129269382171,0.03326728433329438,1.2679358552522018,85108.3,0.0027882585693390924,0.0008282267061920021,0.00213173984985002,0.0,0.035101789386107286,1980,28740,study_areas/1980/tracts_in_cbsa_28740_1980_march_2020_vintage_connected.json,40,102,158158,6268,145252,0.0396312548211282,0.918398057638564,0.4055052899196592,0.5043360426651311,0.1766935280666509,0.13076923076923078,0.043152589981549305,0.032313530816768195,0.07943351658427532,0.07943351658427532,0.21249615782391348,0.20105857057794774,0.4251788919219394,0.2301575973801485,0.21043868092780332,0.0662290912008302,middle sampled areas
1980 CBSA 30620,11976594.0,16096476.0,336272062.0,380441608.0,1712701752.0,13843213.208,138376281.716,1242823417.548,1533419194.188,85597307.94064708,0.012601263833719598,286.2631578947368,233226.93074792242,1.7096799827680935,0.5397664253430995,0.4294353421305835,0.1280089021968948,1.5303676686616599,315173.5263157895,0.013876630166170235,0.007297193756321154,0.012601263833719598,0.0,0.04717006200115397,1980,30620,study_areas/1980/tracts_in_cbsa_30620_1980_march_2020_vintage_connected.json,38,91,112241,10878,99772,0.0969164565533094,0.8889086875562406,0.6337078784158126,0.5499097049781659,0.2538482169959024,0.12944523470839261,0.10902858517419717,0.03329343183498373,0.2941829961094975,0.2941829961094975,0.19878227693731143,0.18175611631302693,0.46385295999767095,0.10420268426613813,0.21295233021391108,0.05582120548971862,middle sampled areas
1980 CBSA 33740,125732079.0,52525848.0,435662792.0,666446567.0,2802705084.0,210221506.508,533636578.08,1252127481.392,2529622144.06,135979078.19148624,0.027823252938888092,1089.3243243243244,2211536.813732652,1.384010856347026,0.8548903487352384,0.5599202893709104,0.3146633223445854,1.0975357109205934,3398164.2972972975,0.034004598390051946,0.01100827896896288,0.027823252938888092,0.0,0.04547156621761387,1980,33740,study_areas/1980/tracts_in_cbsa_33740_1980_march_2020_vintage_connected.json,37,93,139241,40305,97060,0.2894621555432667,0.6970648013157045,0.6899669512037477,0.610038723187753,0.4189783132529358,0.13963963963963963,0.4152586029260251,0.011466967827561923,0.7478211378802238,0.7478211378802238,0.20852072569458874,0.19210649577913191,0.3742543149521051,0.08960971509427872,0.2581261421328351,0.05375469949564964,highest similarity
1980 CBSA 42020,895889.0,10046063.0,760883851.0,781871866.0,2527815668.0,906976.548,50401718.552,2471448057.552,2573158471.204,276187975.431207,0.002481352920742791,91.34482758620689,22548.84661117717,1.6730086601315217,0.5108733391030913,0.4672847441215385,0.028221519298053867,2.4432367534437835,30892.724137931036,0.002555205442456351,0.0016778225750161211,0.002481352920742791,0.0,0.042096404255282036,1980,42020,study_areas/1980/tracts_in_cbsa_42020_1980_march_2020_vintage_connected.json,29,60,155382,2649,132757,0.017048306753678,0.8543911135137918,0.5031671739713257,0.5004539118124864,0.0065631692607905,0.1477832512315271,0.019953750084741293,0.03954119881282568,0.06069890024242955,0.06069890024242955,0.23304464860713983,0.23623736620690913,0.49692502083355583,0.16619407267010963,0.2353978095463767,0.10733422699068224,middle sampled areas
1980 CBSA 44180,852525.0,9385687.0,820793288.0,840417187.0,3653007522.0,697341.412,50050983.458,3358564305.716,3459363614.044,129645080.31461403,0.002172206355565633,49.916666666666664,11717.076388888892,2.186823205048522,0.4689068077654981,0.4587336768584816,0.018478738271251953,2.658603677283503,14208.75,0.0024336743955659513,0.0011916060742323605,0.002172206355565633,0.0,0.028887608456104847,1980,44180,study_areas/1980/tracts_in_cbsa_44180_1980_march_2020_vintage_connected.json,60,150,207704,2995,201228,0.0144195586026268,0.968821014520664,0.5718343195816087,0.5096009571984293,0.0892469456734767,0.0847457627118644,0.014883614606317212,0.026453934060538895,0.0842463092527703,0.0842463092527703,0.19545582109579726,0.1870326624849652,0.5500635367017683,0.1579107128255485,0.19639221329951012,0.03747656932861671,middle sampled areas
1980 CBSA 46220,150893769.0,113079570.0,557117597.0,934170506.0,4078221664.0,246389288.616,716561566.23,1848504403.216,3528016824.292,284545456.1276737,0.01901050634251426,1420.6538461538462,3785349.149408285,1.3966300112528485,0.711016948096614,0.575538926420329,0.2731703727595336,0.919610071730563,5803606.5,0.022731660807385142,0.008323556041902153,0.01901050634251426,0.0,0.047753464009469476,1980,46220,study_areas/1980/tracts_in_cbsa_46220_1980_march_2020_vintage_connected.json,26,66,137541,36937,98727,0.2685526497553456,0.7178005103932645,0.4909964022859473,0.5636661786982683,0.3414728147504414,0.20307692307692307,0.3741327093905416,0.025021803202084334,0.4760211908999412,0.4760211908999412,0.2093525970230544,0.18637219002758118,0.3798142561262924,0.13629937699792546,0.23158983287897125,0.08065308934142515,highest similarity
1980 CBSA 47940,8513944.0,15531194.0,569746309.0,609322641.0,2760301442.0,9487909.528,159584306.748,2332147052.488,2660803575.512,114573274.66640806,0.010591726947819468,236.94444444444446,180355.77469135803,1.8177565738950154,0.5223517256046923,0.4399162919670157,0.08994360346497327,2.087744789386076,236498.44444444444,0.011485274319329001,0.006527269485975362,0.010591726947819468,0.0,0.03871141918393475,1980,47940,study_areas/1980/tracts_in_cbsa_47940_1980_march_2020_vintage_connected.json,36,94,137961,8530,127321,0.0618290676350562,0.9228767550249708,0.7524472805823071,0.5821819050391183,0.4360207657418467,0.1492063492063492,0.06699601793891032,0.027226144864605752,0.29668957019523046,0.29668957019523046,0.18633000705701172,0.18082807636438655,0.4729481876273157,0.088691143466221,0.1963360599535787,0.04305965149808607,middle sampled areas
1980 CBSA 48700,764117.0,7912511.0,560169800.0,576758939.0,2269728556.0,419202.508,35506054.884,2330169105.5,2401600417.776,178985118.3040062,0.002756696187315151,59.96551724137931,22752.99881093936,2.5599867720665914,0.4694417970534292,0.4680018617603231,0.013778737332826677,2.1185907297219306,26348.862068965518,0.0025766281801948587,0.0020723126097777025,0.002756696187315151,0.0,0.03672830628622833,1980,48700,study_areas/1980/tracts_in_cbsa_48700_1980_march_2020_vintage_connected.json,29,74,118416,1739,115736,0.0146855154708823,0.9773679232536144,0.6247115592492967,0.5043090023780314,0.1703758658768325,0.18226600985221675,0.015025575447570333,0.03415167810603347,0.07015374354904552,0.07015374354904552,0.19364988233801553,0.20262127973971655,0.6457402204848972,0.1822379629290291,0.1938076531212509,0.07452743469696561,middle sampled areas
1990 CBSA 10500,176597455.0,89446755.0,269411905.0,624902870.0,2381308564.0,445361960.828,554002862.822,655795017.076,2209162703.548,149044492.5809624,0.01993516439196189,1415.8444444444444,1919772.3980246915,0.989667364730896,1.028423871500241,0.6522575362686125,0.44248010370088525,0.7005821280189121,3924387.888888889,0.025145457434680798,0.007344845568120475,0.01993516439196189,0.0,0.046723344794263544,1990,10500,study_areas/1990/tracts_in_cbsa_10500_1990_march_2020_vintage_connected.json,45,114,142959,63713,77201,0.4456732349834568,0.540021964339426,0.5697199572321859,0.6346667631902998,0.5343485752454424,0.11515151515151516,0.8252872372119532,0.021577887359582746,0.5381775972033584,0.5381775972033584,0.22049696938299024,0.20787056523450106,0.28393726424239424,0.13901128001717766,0.2911909742260548,0.06746650771425357,highest similarity
1990 CBSA 11020,85718.0,3576628.0,590319419.0,597558393.0,2898827584.0,150465.932,19084812.476,2279706633.932,2318026724.816,205581895.64182234,0.0006987572667645803,29.333333333333332,1520.611111111111,1.3482328063498765,0.5428624072178154,0.537987036331348,0.010700121526981349,1.6502729810281889,2381.0555555555557,0.0007881220735058165,0.0003757742449374131,0.0006987572667645803,0.0,0.041374854887291146,1990,11020,study_areas/1990/tracts_in_cbsa_11020_1990_march_2020_vintage_connected.json,36,90,130542,1056,128525,0.0080893505538447,0.9845490340273628,0.5133540741985111,0.5025749877579465,0.2199950795384794,0.14285714285714285,0.008216300330674966,0.04058673281378533,0.019048334444984338,0.019048334444984338,0.20495316337998656,0.17090744469600075,0.3629290073805698,0.15782880191521326,0.20568434157485554,0.08868831987178274,middle sampled areas
1990 CBSA 11180,136048.0,3960786.0,358861203.0,366918823.0,1690493732.0,258676.328,20749428.948,1549362323.708,1591119857.932,114469152.27501373,0.0009336923282687539,45.629629629629626,2956.751714677641,1.2143830395268425,0.33197131510371075,0.30787882438589204,0.013497312514188132,1.3233679426002427,5038.814814814815,0.0010638944713911704,0.0005091732217810813,0.0009336923282687539,0.0,0.042285550139036135,1990,11180,study_areas/1990/tracts_in_cbsa_11180_1990_march_2020_vintage_connected.json,27,65,99438,1232,93593,0.0123896297190208,0.9412196544580542,0.5023866028248033,0.5034408018538729,0.1451875516760098,0.18518518518518517,0.013163377603025867,0.04122165566764496,0.025159764219527807,0.025159764219527807,0.1873909982336772,0.1783399358132137,0.3446658600682956,0.16028941910602762,0.18806035979395702,0.07194250747633232,middle sampled areas
1990 CBSA 14260,33888.0,5456803.0,1427712308.0,1438659802.0,6739100682.0,90669.696,23777498.93,6181707907.54,6229353575.096,254982909.45947054,8.474018521083737e-05,15.61111111111111,226.95987654320987,0.9718020309000489,0.4505363701030412,0.4186200577069768,0.0034312127419781928,1.0516501451227105,470.6666666666667,0.00010220263149614457,3.5445952217888256e-05,8.474018521083737e-05,0.0,0.03215304043329965,1990,14260,study_areas/1990/tracts_in_cbsa_14260_1990_march_2020_vintage_connected.json,72,187,319596,1124,292662,0.0035169401369228,0.9157248526264408,0.3157913744569391,0.5005691605683489,0.289924345609345,0.07316118935837246,0.0038406079368008147,0.032050837801803504,0.003178630391367197,0.003178630391367197,0.18761832188467617,0.1759234456444127,0.2720666894801908,0.18665754404076512,0.18762432190094036,0.04093248302341564,lowest similarity
1990 CBSA 16540,736535.0,11879679.0,627275950.0,651771843.0,2865549718.0,1228869.496,56939456.402,2460398655.212,2575506437.512,164807030.9583733,0.0014423265399766455,107.96,17806.038399999998,1.2614939162608838,0.4022325568497571,0.38986219125506383,0.02578387810105875,1.5127925063069618,29461.4,0.0016494084830775287,0.000726167484016041,0.0014423265399766455,0.0,0.0359643717657036,1990,16540,study_areas/1990/tracts_in_cbsa_16540_1990_march_2020_vintage_connected.json,25,57,121082,2699,116506,0.0222906790439536,0.9622074296757568,0.3908968217981474,0.5021015565505692,0.083651301218215,0.19,0.023166188865809487,0.03431496328262607,0.045862290986838264,0.045862290986838264,0.20195712496679954,0.18530345653546004,0.37474982961471764,0.17262174147649573,0.20315481072427682,0.06399014522269289,middle sampled areas
1990 CBSA 16820,20717857.0,67352569.0,463921557.0,619344552.0,2886979046.0,55203912.736,314253107.706,1736196789.992,2419906918.14,178544825.12503204,0.004696831978619315,544.0769230769231,235207.40433925047,0.9030373099901472,0.5487182159439282,0.5081472879025946,0.14677813889088076,0.9767600129900222,531227.1025641026,0.00569780042951566,0.0019679073219511967,0.004696831978619315,0.0,0.04255288334533679,1990,16820,study_areas/1990/tracts_in_cbsa_16820_1990_march_2020_vintage_connected.json,39,95,143885,21219,118275,0.1474719393960454,0.8220106334920249,0.3520201236236663,0.5159581943962189,0.3007516033732046,0.1282051282051282,0.17940393151553582,0.036855082915821125,0.13389927970979812,0.13389927970979812,0.20378193712660128,0.17663644974276557,0.2728842737997474,0.17649781727930205,0.21086209186622762,0.07378169126532602,middle sampled areas
1990 CBSA 17300,67660166.0,142173075.0,578680983.0,930687299.0,4006538440.0,124413697.076,513620008.194,2085387210.476,3237040923.94,216960645.78371462,0.006305683369495762,712.12,846088.4256000002,1.3047931137450155,0.6259130192286735,0.7202401992878009,0.16921514629596987,0.9632774182814862,1353203.32,0.008566261177230378,0.0021236842039944704,0.006305683369495762,0.0,0.04249771878786144,1990,17300,study_areas/1990/tracts_in_cbsa_17300_1990_march_2020_vintage_connected.json,50,126,189279,35606,144593,0.1881138425287538,0.763914644519466,0.4097027777149241,0.51476709432005,0.2452149970570872,0.10285714285714286,0.24624981845594185,0.03393145761063106,0.20156990590462345,0.20156990590462345,0.2233080587830351,0.1885041009262226,0.3522611817997754,0.21679563057840553,0.21721703086171892,0.06702437531115256,middle sampled areas
1990 CBSA 23540,89542997.0,183170096.0,1084998530.0,1540881719.0,6385272340.0,184498590.484,829208735.184,3592089678.06,5435005738.912,392064764.2891528,0.008456028121479772,1030.5675675675675,1358011.488677867,1.146370133415279,0.6804898744425867,0.6239062967282604,0.19348559151955894,1.0433538991434523,2420081.0,0.010478643107570601,0.0033383995197520467,0.008456028121479772,0.0,0.04530574817483963,1990,23540,study_areas/1990/tracts_in_cbsa_23540_1990_march_2020_vintage_connected.json,37,90,217186,38131,166360,0.1755684068033851,0.7659793909368007,0.3992144899372444,0.5283349917691977,0.3464632405742296,0.13513513513513514,0.22920774224573215,0.03482710506726903,0.2312872765533508,0.2312872765533508,0.22088683745210702,0.19440471476205506,0.32674966534131616,0.18093038925535257,0.23198162654495766,0.0721369549772799,middle sampled areas
1990 CBSA 25060,100373099.0,177296190.0,1335897454.0,1790862933.0,7114382596.0,218818148.976,925001294.992,3782138205.096,5850958944.056,315841060.0387755,0.008924343001966963,830.7534246575342,684822.7063238882,1.0030258305126998,0.7423527840120265,0.5789862634350409,0.22402518292686172,1.0367063766823106,1374973.9589041097,0.0110221335159324,0.00347297299519653,0.008924343001966963,0.0,0.03847208972366218,1990,25060,study_areas/1990/tracts_in_cbsa_25060_1990_march_2020_vintage_connected.json,73,161,322967,60645,251356,0.1877746023587549,0.7782714642672471,0.48495110936124,0.541982646408797,0.2965765819929061,0.06126331811263318,0.24127134422890242,0.027449956207729782,0.28649687591972056,0.28649687591972056,0.23435025859172828,0.20110202769458083,0.31446068661490073,0.1608424154222639,0.2610176135888744,0.05398107610371101,middle sampled areas
1990 CBSA 29200,418360.0,10882710.0,612646941.0,634830721.0,3101455234.0,755063.376,45308427.756,2664756985.408,2756128904.296,117078790.26142532,0.0007916913238975538,57.869565217391305,5745.896030245747,1.3243455639723074,0.38673718897443504,0.39750206960993717,0.014225590067554184,1.0849744494876754,9094.782608695652,0.0009809771657295267,0.000334006796045022,0.0007916913238975538,0.0,0.04052382819751445,1990,29200,study_areas/1990/tracts_in_cbsa_29200_1990_march_2020_vintage_connected.json,46,115,167024,2662,156795,0.0159378292939936,0.938757304339496,0.4061718334263762,0.5028412504438652,0.3125680830081895,0.1111111111111111,0.016977582193309734,0.03954285103178492,0.024207415966433683,0.024207415966433683,0.1872127041160465,0.16990956491176812,0.35652945778710987,0.19367306722380723,0.1869305568543254,0.04247943195941731,middle sampled areas
1990 CBSA 30340,16007.0,2031390.0,444479908.0,448558695.0,2046790324.0,36334.42,8431431.416,1890097728.428,1906996925.68,82456406.95995009,0.0001419497499055484,16.535714285714285,298.24872448979596,1.063563614811304,0.41831827871973226,0.41918785103940437,0.004517849810234633,0.9099659873758228,571.6785714285714,0.00017298776121416154,5.8377811816590656e-05,0.0001419497499055484,0.0,0.04740143512216445,1990,30340,study_areas/1990/tracts_in_cbsa_30340_1990_march_2020_vintage_connected.json,28,70,105259,463,103192,0.004398673747613,0.980362724327611,0.313910348835788,0.500408361730021,0.3310262898611567,0.18518518518518517,0.0044867819210791535,0.04722844736095029,0.003649420334391398,0.003649420334391398,0.19042585582016966,0.1797578982277028,0.3058189861872299,0.1941531752509461,0.19038985941802844,0.04323887776093171,lowest similarity
1990 CBSA 37340,39624300.0,120609867.0,1782892642.0,2063736676.0,7177823386.0,43918733.772,512777773.752,5821604689.908,6891078971.184,310203002.22211933,0.005911552841033379,354.2758620689655,329940.3376932224,1.6307468356629418,0.5244300979272773,0.49744983255156694,0.0772574606949795,1.7781527381286073,455451.724137931,0.007332884154658399,0.0024315273305226585,0.005911552841033379,0.0,0.03296485789445503,1990,37340,study_areas/1990/tracts_in_cbsa_37340_1990_march_2020_vintage_connected.json,87,181,398918,30822,349222,0.0772639991176131,0.8754230192671175,0.5258566298162152,0.5317893915344197,0.2924881671272938,0.04838278535151029,0.08825904439010143,0.025631973739796633,0.22244549568927013,0.22244549568927013,0.23046110130128458,0.22331042185028868,0.47429807383030836,0.19042030383921596,0.23445239891387598,0.04501515706310668,middle sampled areas
1990 CBSA 37460,20628929.0,51048682.0,693801414.0,816527707.0,2288035618.0,25571634.592,223227240.86,1716756600.34,2188782716.652,275629532.1232979,0.011730779700625261,523.4230769230769,519448.6286982248,1.4042198425096934,0.7553066108401817,0.6798760886835266,0.12984589717784786,1.4532938231697745,793420.3461538461,0.01451007840108436,0.004828909609648376,0.011730779700625261,0.0,0.056439447613669716,1990,37460,study_areas/1990/tracts_in_cbsa_37460_1990_march_2020_vintage_connected.json,26,51,126912,13609,107930,0.1072317826525466,0.8504317952597075,0.5436948703910407,0.5215731746585182,0.1863199241093801,0.15692307692307692,0.12609098489761883,0.04192936921258536,0.2570910775102979,0.2570910775102979,0.2716949638792288,0.26300887484715746,0.44650816778287233,0.18612163061085396,0.2878177624735407,0.12592822943380402,middle sampled areas
1990 CBSA 39380,165391.0,3485551.0,166744386.0,173880879.0,679872744.0,453513.624,17187330.862,634952126.168,669780301.516,44724437.24351537,0.0009698643164352105,42.270833333333336,1658.8224826388887,0.9737127045277558,0.6459043797590426,0.5472497735528461,0.019403773618421955,1.1901524472520961,3445.6458333333335,0.0011451971588725327,0.00043211186791122243,0.0009698643164352105,0.0,0.035650893256716845,1990,39380,study_areas/1990/tracts_in_cbsa_39380_1990_march_2020_vintage_connected.json,48,130,123051,2029,75382,0.0164890980162696,0.6126077805137707,0.3943533981067992,0.5030474429063636,0.2091927678565356,0.11524822695035461,0.02691623995118198,0.03450569609784431,0.03212253759326972,0.03212253759326972,0.206102737705261,0.20366634391430277,0.2672318053322542,0.16860498808378477,0.20798941179010366,0.06677478740757946,middle sampled areas
1990 CBSA 41420,438163.0,15545408.0,1860499045.0,1892028024.0,6746216368.0,498025.476,58932819.526,6565469496.64,6683833161.168,504366920.19221485,0.0007218661014514107,48.5,7173.032608695652,1.7655593572918689,0.6474320073658848,0.6363465906519208,0.00914290637487088,2.102631942197921,9525.282608695652,0.0008359584769442539,0.00036101014413859406,0.0007218661014514107,0.0,0.02424270230427796,1990,41420,study_areas/1990/tracts_in_cbsa_41420_1990_march_2020_vintage_connected.json,46,115,278024,2231,246363,0.0080244870946393,0.8861213420424136,0.417667198649794,0.5015886822502158,0.0848623801530016,0.1111111111111111,0.00905574294841352,0.023406743827333706,0.034482891653408516,0.034482891653408516,0.2206225104567076,0.21902923072565925,0.4680286194849508,0.20872419385347446,0.22080536330104542,0.07546072860144173,middle sampled areas
1990 CBSA 41660,1412733.0,10997051.0,270320709.0,293727544.0,1283755836.0,2606187.668,48677394.64,844115647.972,944076624.92,122950460.98417573,0.0034461607933437186,158.28,31456.761599999998,1.1436558278003823,0.6301447933367798,0.5324106236493967,0.04847333510445491,1.8688110584397468,56509.32,0.004021499644112647,0.001705083125168517,0.0034461607933437186,0.0,0.028245625899733718,1990,41660,study_areas/1990/tracts_in_cbsa_41660_1990_march_2020_vintage_connected.json,25,56,101525,3957,69949,0.0389756217680374,0.6889830091110564,0.4000549149146691,0.5056769997007123,0.0536955474098361,0.18666666666666668,0.05656978655877854,0.02422412625562107,0.14237601455135607,0.14237601455135607,0.23729726508861335,0.18620008788935705,0.35152049933422574,0.18428409149105923,0.24256271550084732,0.1302335612796201,middle sampled areas
1990 CBSA 42020,2505829.0,22938882.0,1165888339.0,1214271932.0,4368004562.0,2416309.612,109837973.006,4432706939.304,4654799194.928,366484218.3412999,0.002700256068969528,139.51612903225808,61368.44328824142,1.8049632131640259,0.41126402047170163,0.379832161256478,0.024300918948703263,2.060120811655201,80833.19354838709,0.0026724684182653905,0.0018671994675099148,0.002700256068969528,0.0,0.03815985182736233,1990,42020,study_areas/1990/tracts_in_cbsa_42020_1990_march_2020_vintage_connected.json,31,69,217150,4325,176235,0.0199171079898687,0.8115818558600046,0.4787403576838663,0.5016205495253911,0.0031498683681819,0.14838709677419354,0.02454109569608761,0.03548738340909694,0.07003351140763892,0.07003351140763892,0.20689337473331598,0.21752271377190582,0.5090935460230391,0.17276265504980837,0.2082465834810596,0.07873255171579288,middle sampled areas
1990 CBSA 43780,24742223.0,57495979.0,1100286308.0,1240020489.0,5447458466.0,44234623.688,414769343.95,3856083110.716,4729856422.304,208992182.79490075,0.007326666274043293,325.1411764705882,185368.19183391,1.3320344402532323,0.632631787302931,0.5318775339882913,0.13634549494134124,1.4905793241403742,291084.97647058824,0.008435161854812146,0.0035696871860450546,0.007326666274043293,0.0,0.033112274614513944,1990,43780,study_areas/1990/tracts_in_cbsa_43780_1990_march_2020_vintage_connected.json,85,209,296529,27637,258878,0.0932016767331357,0.8730275959518293,0.6197008182227609,0.5638003594263999,0.4861626756517979,0.05854341736694678,0.10675685071732631,0.024677112759701796,0.2547442588288635,0.2547442588288635,0.207712907221255,0.18542420803775075,0.35870330680547685,0.12174507889093364,0.22199441063556577,0.04418573506996579,middle sampled areas
1990 CBSA 44100,19071586.0,33802950.0,835369455.0,922046941.0,4540568082.0,21484731.168,285150878.522,3336164065.54,3927950553.752,174278117.78676027,0.011109976503815086,325.1363636363636,327731.4814049587,1.7810891038264223,0.49606624211985234,0.4142900856404948,0.10626927793857815,1.8614105281582227,433445.13636363635,0.012443061050954449,0.006043688611750933,0.011109976503815086,0.0,0.04163594598305908,1990,44100,study_areas/1990/tracts_in_cbsa_44100_1990_march_2020_vintage_connected.json,44,110,189550,14306,172135,0.0754734898443682,0.9081245054075442,0.6516197977464385,0.5867495648006147,0.5945421330096935,0.11627906976744186,0.0831091875562785,0.029192884932104632,0.29885380906242187,0.29885380906242187,0.19011286954224457,0.1687922244415502,0.47024945388897355,0.1059806999547222,0.20025476263987024,0.04436871477933674,middle sampled areas
1990 CBSA 46660,78326226.0,73235812.0,226105811.0,450903661.0,2099063462.0,175784431.544,365515454.792,723819748.692,1630635089.82,139323587.50148067,0.014955292798416129,1193.6296296296296,1476219.6406035665,1.037292187269829,0.6904341452490735,0.5559315785901149,0.3129271403627153,0.7722265278925319,2900971.3333333335,0.01869690479782764,0.005719745849017227,0.014955292798416129,0.0,0.05673723188968234,1990,46660,study_areas/1990/tracts_in_cbsa_46660_1990_march_2020_vintage_connected.json,27,64,99244,32228,64685,0.3247349965741002,0.6517774374269477,0.4495201073199092,0.5221378839428177,0.2569157995288735,0.18233618233618235,0.49822988328051326,0.0380403270918547,0.3295350191595736,0.3295350191595736,0.21662035396764598,0.1768272449213064,0.3082366822274567,0.16691874768926673,0.23802476803899414,0.0854413034352524,middle sampled areas
1990 CBSA 47380,62565052.0,63421543.0,471380278.0,660788416.0,2858753484.0,91648207.18,413853597.964,1771291838.44,2690647241.548,120170365.79479744,0.013906344206889267,562.8,726007.0266666667,1.526743018156167,0.586915584360353,0.48978856238658647,0.15621684068084798,1.229458745837191,1042750.8666666667,0.016937905338890526,0.0058068132223397005,0.013906344206889267,0.0,0.038050601746808924,1990,47380,study_areas/1990/tracts_in_cbsa_47380_1990_march_2020_vintage_connected.json,60,152,206835,33768,145350,0.1632605700195808,0.7027340633838567,0.512751783614729,0.552391032676123,0.2860236981834392,0.08587570621468926,0.23232198142414862,0.021112696407918397,0.44514158939184206,0.44514158939184206,0.19716577715337985,0.18774841578104243,0.4057047515413259,0.1328825609309993,0.21018689024781087,0.04466225224145707,middle sampled areas
1990 CBSA 48140,4776.0,633608.0,573717728.0,574989720.0,2743027582.0,3091.484,3097915.518,2576697427.496,2582896350.016,106356818.65243252,0.00014523395710701843,4.486486486486487,108.95252008765522,2.3586412395613974,0.32979686088853194,0.3209288820766775,0.0011839121382846243,2.4539079868798304,129.0810810810811,0.000125211139760853,0.00012657981416861546,0.00014523395710701843,0.0,0.019056268673638656,1990,48140,study_areas/1990/tracts_in_cbsa_48140_1990_march_2020_vintage_connected.json,37,92,142393,166,138550,0.0011657876440555,0.973011313758401,0.4777604535790219,0.500010991862663,-0.0171912541979695,0.13813813813813813,0.0011981234211476002,0.018931057533877804,0.006570601092230762,0.006570601092230762,0.182080577719223,0.17329316506379086,0.6070555720227712,0.1697987422412381,0.18210861098707296,0.04117734676103967,lowest similarity
2000 CBSA 15980,52363222.0,54243037.0,1524777129.0,1685626425.0,7665846784.0,33648675.092,455764866.374,5808573372.448,6753751780.288,222510632.98667789,0.013006078744449914,239.48717948717947,390194.79684418155,2.6195241339156206,0.6072459116113492,0.5537139232735615,0.061761621846048186,2.3794079729350974,447548.905982906,0.01497327580196208,0.006669073772622144,0.013006078744449914,0.0,0.02840413824154597,2000,15980,study_areas/2000/tracts_in_cbsa_15980_2000_march_2020_vintage_connected.json,117,306,440888,28020,361439,0.0635535555515232,0.8197977717697011,0.6935686730824955,0.6439037511661595,0.6185802565402303,0.04509283819628647,0.07752345485683615,0.01343086243958389,0.5271512085538674,0.5271512085538674,0.1997334855716988,0.1802525000422102,0.6087904553946912,0.10635724788018115,0.20792366718308725,0.03294622607187221,highest similarity
2000 CBSA 17780,25970881.0,56474704.0,503346524.0,642266813.0,2739826632.0,59999324.58,338893913.278,1813461514.016,2551248665.152,151388189.21715572,0.0081447138631212,560.475,335139.799375,1.0460548301702675,0.6092461111812184,0.4238030361604983,0.1279139585731947,0.9750981645412402,649272.025,0.009675324831295521,0.0035521814023750623,0.0081447138631212,0.0,0.04369417054326244,2000,17780,study_areas/2000/tracts_in_cbsa_17780_2000_march_2020_vintage_connected.json,40,99,184885,22419,121588,0.1212591611001433,0.6576412364442762,0.4750913173634615,0.534459403976486,0.3526426023696579,0.12692307692307692,0.18438497220120406,0.03401884571196692,0.22143285273525895,0.22143285273525895,0.20111592299895859,0.1899021489041087,0.30209164703965574,0.14284063411206535,0.21725862295913007,0.059338860725336715,middle sampled areas
2000 CBSA 19140,1069319.0,10332612.0,408531802.0,430266345.0,1864115766.0,1898956.876,58381584.764,1668674501.38,1787336627.784,85407101.84098418,0.00303943530123601,130.28,25799.881600000008,1.258332721399895,0.3956617069117244,0.3136722262545428,0.026712721622426536,1.2798411509440708,42772.76,0.0035204207118571707,0.0014262864851488158,0.00303943530123601,0.0,0.04871061525139401,2000,19140,study_areas/2000/tracts_in_cbsa_19140_2000_march_2020_vintage_connected.json,25,59,120031,3257,94228,0.0271346568803059,0.7850305337787739,0.503578311721493,0.5148549179836212,0.3735210158655196,0.19666666666666666,0.03456509742327121,0.045190194539536835,0.07227214630093227,0.07227214630093227,0.194023163875831,0.18753037819514276,0.3602491967293137,0.1503708474609333,0.19667367720540946,0.04778456420202991,middle sampled areas
2000 CBSA 21060,12685607.0,48708253.0,628436867.0,738538980.0,2867887426.0,24657155.204,234343272.394,2089232448.816,2582576148.808,213009084.44140664,0.007166433159695604,463.22222222222223,255262.46913580244,1.1114739931839346,0.5968844310841129,0.5210658293089354,0.1071282477532913,0.9578299534497632,469837.2962962963,0.008543146263524317,0.0030418048517605292,0.007166433159695604,0.0,0.059044657820617116,2000,21060,study_areas/2000/tracts_in_cbsa_21060_2000_march_2020_vintage_connected.json,27,61,133896,12507,112399,0.0934083169026707,0.8394500209117524,0.5115593339420954,0.5303997962244408,0.2828083596990106,0.1737891737891738,0.11127323196825595,0.0505015115570928,0.14468957190808268,0.14468957190808268,0.22237680759506617,0.20478415385693025,0.3397072485077489,0.1720826373650502,0.23124110918966137,0.08247930444944361,middle sampled areas
2000 CBSA 21500,12632704.0,38931612.0,1076122720.0,1166618648.0,5318380632.0,18950079.704,298342653.532,4392525572.7,5008160959.468,181571830.67407298,0.0055427025392657545,234.38888888888889,120516.07098765431,1.4914975209688568,0.46974898648623803,0.3840459539009256,0.07892582257212655,1.730641296149121,175454.22222222222,0.0062361916918276805,0.0029682844418003587,0.0055427025392657545,0.0,0.0330757354175869,2000,21500,study_areas/2000/tracts_in_cbsa_21500_2000_march_2020_vintage_connected.json,72,180,280843,16876,252258,0.0600905132048867,0.8982171533561456,0.6560205394819476,0.5550616723294021,0.4443104360207172,0.07042253521126761,0.06689976135543768,0.026839543725759217,0.18854279770637533,0.18854279770637533,0.18893284006267194,0.17989495412866105,0.39998703465774776,0.11543012906303768,0.19678038564602826,0.03625519070644261,middle sampled areas
2000 CBSA 23460,20539914.0,22870017.0,422419333.0,488699281.0,1804390846.0,37962720.596,232576680.176,1254206735.732,1757322816.68,131664987.70197137,0.017342117822690427,540.0,441968.35714285716,1.2537154049942962,0.8147960337353843,0.6080247396181937,0.21728559571100003,1.1766836270017749,733568.3571428572,0.02007142313324165,0.008807645561181729,0.017342117822690427,0.0,0.05263783115530671,2000,23460,study_areas/2000/tracts_in_cbsa_23460_2000_march_2020_vintage_connected.json,28,70,103459,15120,84919,0.1461448496505862,0.8207985772141622,0.6962780599638959,0.538147011419354,0.2303958769015907,0.18518518518518517,0.17805202604835196,0.03256640802206506,0.38131174276579477,0.38131174276579477,0.21758436014712218,0.21311821774722595,0.35109382922396415,0.08952950753652848,0.2519460605306391,0.07492362043686304,middle sampled areas
2000 CBSA 28100,28601734.0,24048916.0,382798449.0,459498015.0,2026857262.0,41325686.664,237120489.618,1148700471.688,1664267137.588,126555603.35980572,0.021703549155049788,613.1538461538462,724109.0532544379,1.415302264320557,0.7377793189309001,0.5260904422403437,0.19151153165050724,1.5076969938582345,1100066.6923076923,0.025442591704463852,0.01031190363321191,0.021703549155049788,0.0,0.05194847960757146,2000,28100,study_areas/2000/tracts_in_cbsa_28100_2000_march_2020_vintage_connected.json,26,61,103833,15942,80829,0.153535003322643,0.7784519372453844,0.7119895306005556,0.587404510601604,0.3227398590670615,0.18769230769230769,0.1972311917752292,0.026505887903107605,0.4897658583400699,0.4897658583400699,0.21636008785625854,0.18480786686061357,0.40902029173120535,0.09208167374388102,0.24995019182124809,0.07604284222256594,highest similarity
2000 CBSA 29200,603525.0,14580412.0,642325726.0,672090075.0,3238742086.0,1389068.188,62424085.238,2742331024.068,2868568262.732,127934345.69294111,0.0007313677748597407,76.71428571428571,6431.7551020408155,1.0562480629024444,0.3915070775194938,0.3891494560596282,0.018994267127353016,0.878396794896047,12316.836734693878,0.0008964469349761855,0.00029960040917781096,0.0007313677748597407,0.0,0.03753140699274269,2000,29200,study_areas/2000/tracts_in_cbsa_29200_2000_march_2020_vintage_connected.json,49,121,186960,3759,165424,0.0201059050064184,0.8848095849379547,0.3771835880954092,0.5029006826994622,0.2517862888840254,0.10289115646258504,0.02272342586323629,0.0366349600577665,0.023885247231725904,0.023885247231725904,0.18982065223229452,0.17185346937214163,0.30288420317534476,0.18934494117838213,0.18977573604386774,0.04459867570698755,middle sampled areas
2000 CBSA 29340,111562597.0,94285053.0,646863234.0,946995937.0,4378519138.0,220922677.924,734306244.192,2330016808.244,4019551974.552,210109615.05689114,0.01628734687998687,1026.906976744186,1539941.0611141159,1.222729887061939,0.6079268757822268,0.4111748889195714,0.26134669349527284,1.2020617100682593,2594479.0,0.01950500210430906,0.0069989174562854,0.01628734687998687,0.0,0.043184286297076206,2000,29340,study_areas/2000/tracts_in_cbsa_29340_2000_march_2020_vintage_connected.json,43,107,193568,44157,142960,0.2281213836997851,0.7385518267482228,0.6207692208331925,0.608967280534687,0.558939596097778,0.1184939091915836,0.30887660884163404,0.023679284192767148,0.45166896982223936,0.45166896982223936,0.19067488200351873,0.1778224122292997,0.33554146728904355,0.11378957674250396,0.217295700471823,0.052271899054199676,highest similarity
2000 CBSA 30340,29193.0,2668355.0,419793423.0,425159326.0,1923052488.0,72428.308,11512717.772,1776956269.44,1800054133.292,91488503.35150963,0.00020392926187125555,23.107142857142858,508.66709183673476,0.9939572485810813,0.42483124217396817,0.4240520380230428,0.006645172091396278,0.9238675943918367,1042.607142857143,0.00024453998674700555,8.62194136353293e-05,0.00020392926187125555,0.0,0.04779896769210997,2000,30340,study_areas/2000/tracts_in_cbsa_30340_2000_march_2020_vintage_connected.json,28,70,103793,647,100059,0.0062335610301272,0.9640245488616768,0.2906215163038351,0.5008738361789972,0.3774506346542283,0.18518518518518517,0.006466184950878981,0.047554427705362966,0.005116009791721318,0.005116009791721318,0.19106451303564995,0.18105663359038018,0.2872724291248052,0.18816312721196718,0.19109752214587636,0.050825417780182174,lowest similarity
2000 CBSA 32780,18926.0,3180113.0,853543817.0,859922969.0,3807000508.0,66927.452,16202078.284,3855435702.828,3887906786.848,153627350.02596453,9.502618351433336e-05,18.72222222222222,175.20061728395063,0.717014021296387,0.44027358988280096,0.42311555746169804,0.0041117057048362885,0.7965706788440542,525.7222222222222,0.00011251788634413023,4.04096316045251e-05,9.502618351433336e-05,0.0,0.04600136952484385,2000,32780,study_areas/2000/tracts_in_cbsa_32780_2000_march_2020_vintage_connected.json,36,97,181269,674,160795,0.0037182309164832,0.8870518400829707,0.2949741745922499,0.5002058736978742,0.2414103926072368,0.15396825396825398,0.0041916726266364,0.04588885163849972,0.0024459681854333264,0.0024459681854333264,0.18111916669733474,0.18425906772158543,0.22044541668516718,0.16407396632315682,0.18125876602478333,0.039514154646313714,lowest similarity
2000 CBSA 33860,397803950.0,240735718.0,771050893.0,1650326279.0,7668711748.0,1187110258.972,1704800137.258,2395333983.172,6992044516.66,298086137.92523867,0.012315466337607533,1694.1463414634147,1981135.856632957,0.8359313707087586,0.8031063264212019,0.4582705352774939,0.43688108076312826,0.7230796078254961,4851267.682926829,0.015055919498014913,0.004902383454791586,0.012315466337607533,0.0,0.03246954930883748,2000,33860,study_areas/2000/tracts_in_cbsa_33860_2000_march_2020_vintage_connected.json,82,209,346528,138920,196521,0.4008911256810416,0.5671143457382953,0.5581291095021744,0.5835353946376267,0.5064539347279936,0.06293285155073773,0.7068964639911256,0.017413629810822562,0.4636935164947618,0.4636935164947618,0.19095758768285617,0.1770919138025318,0.2509939956043563,0.12373748720661627,0.2435114249068047,0.042632185366524265,highest similarity
2000 CBSA 41060,151800.0,7448682.0,894426202.0,909475366.0,3946031692.0,227984.208,29081618.468,3497943044.208,3556334265.352,183395121.42435116,0.0004943686243072746,39.0,2943.705882352941,1.4120988176987288,0.4481020297333493,0.44715666747923855,0.007718811150469096,1.161233358231611,4464.705882352941,0.0005930178579817366,0.00021872352525207202,0.0004943686243072746,0.0,0.04832381326880509,2000,41060,study_areas/2000/tracts_in_cbsa_41060_2000_march_2020_vintage_connected.json,34,80,167392,1326,159532,0.0079215255209329,0.9530443509845152,0.4326951298611788,0.5017073313494077,0.4899916383019127,0.14260249554367202,0.008311812050246972,0.047730795410823354,0.012271752121113191,0.012271752121113191,0.20365296353321294,0.18730801029349467,0.3997006636990025,0.20390420841254606,0.20363183326906587,0.05156858375521655,middle sampled areas
2000 CBSA 41540,106489473.0,184953330.0,955704745.0,1432100878.0,6639077094.0,259075012.636,1017705406.108,3917613742.764,6212099567.616,232693805.4511415,0.00657275077671028,850.8028169014085,775986.2991469946,1.042745350211341,0.485050262577046,0.4210070905146304,0.20229631836452389,0.9247926236244748,1499851.7323943663,0.007994354261616191,0.002684363713351671,0.00657275077671028,0.0,0.033480669013267246,2000,41540,study_areas/2000/tracts_in_cbsa_41540_2000_march_2020_vintage_connected.json,71,180,312572,60407,234689,0.1932578733859718,0.7508318083513559,0.3991166897611332,0.5258429956698147,0.2514343001040151,0.07243460764587525,0.2573916970970092,0.025486314751651057,0.23877522454668695,0.23877522454668695,0.18734475739988207,0.17743393628143875,0.2913014726108644,0.15378704236460225,0.1961096422077887,0.03745815773207926,middle sampled areas
2000 CBSA 44300,1658635.0,15727128.0,569218061.0,602330952.0,2814326460.0,1762153.744,70175520.818,2478791830.932,2620905026.312,110611880.77309296,0.0025940039717513275,119.62068965517241,42885.20095124851,1.761843814474015,0.305529924506206,0.3225118350844895,0.02279240903489979,1.6829897520994939,57194.31034482759,0.0029326684034593773,0.0014151568389288865,0.0025940039717513275,0.0,0.03871629717683615,2000,44300,study_areas/2000/tracts_in_cbsa_44300_2000_march_2020_vintage_connected.json,29,69,135758,3469,123055,0.0255528219331457,0.90642908705196,0.5117845307460885,0.4969363708714086,-0.046300778338762,0.16995073891625614,0.02819064645890049,0.03578362877337677,0.07574764678720321,0.07574764678720321,0.18687150306489167,0.17629246347160546,0.48486917027811643,0.18308082715028626,0.18675072627116626,0.04220369668592692,middle sampled areas
2010 CBSA 10180,7076717.0,27309943.0,394270029.0,455966632.0,1934657678.0,13282479.648,133611262.346,1282102142.0,1562607146.34,111889505.13276027,0.00583591912737086,251.06521739130434,90807.93052930056,1.2135229623701906,0.6606986930334173,0.48854502356729496,0.0727950676547154,0.9174295418838101,153841.6739130435,0.006923188500848701,0.0025699624542599745,0.00583591912737086,0.0,0.04051388847901252,2010,10180,study_areas/2010/tracts_in_cbsa_10180_2010_march_2020_vintage_connected.json,46,108,165252,11549,112735,0.0698872025754605,0.6822005179967565,0.4482322578606573,0.5158827940111157,0.222481048711599,0.10434782608695652,0.10244378409544506,0.03359069997816382,0.17088432536993164,0.17088432536993164,0.22588554200628227,0.19073119523326523,0.3475931355422703,0.1697100325670587,0.23519242076466085,0.07160437311120219,middle sampled areas
2010 CBSA 13220,6092803.0,29750355.0,468663235.0,534256748.0,2538844792.0,11983215.072,165974045.832,2167098195.972,2511029502.708,80629754.84225866,0.004714675685518281,292.6551724137931,124449.60523186685,1.22676263777218,0.2937449764817339,0.26143015376603446,0.06977437966435313,1.2460806076581874,210096.6551724138,0.005582852963258942,0.002095935537055807,0.004714675685518281,0.0,0.04770710160444928,2010,13220,study_areas/2010/tracts_in_cbsa_13220_2010_march_2020_vintage_connected.json,29,73,124898,8487,112009,0.0679514483818796,0.8968037918941857,0.4811736842381592,0.5093637800324691,0.2115770867864363,0.17980295566502463,0.0757706969975627,0.04212424864119033,0.11702352009450669,0.11702352009450669,0.17543728372851333,0.17384936392306777,0.33706555147993766,0.15200125724505967,0.17780942899189825,0.03211023795431481,middle sampled areas
2010 CBSA 13900,21451.0,2706827.0,469252959.0,474688064.0,2245154994.0,69176.736,12156582.83,2105065002.992,2129447345.388,86806283.6692992,0.00010873430040347834,23.64,299.19039999999995,0.7467766643946673,0.3526336265566321,0.36196523350145093,0.005080521794349071,0.7234456467707517,858.04,0.00013180759947002997,4.4007253543990376e-05,0.00010873430040347834,0.0,0.05628498101905684,2010,13900,study_areas/2010/tracts_in_cbsa_13900_2010_march_2020_vintage_connected.json,25,63,110625,591,102373,0.0053423728813559,0.9254056497175142,0.274696114337069,0.5001056680624199,0.2030005633016689,0.21,0.005773006554462602,0.05615317341958681,0.002341789889302847,0.002341789889302847,0.18228240447433447,0.17452774071054508,0.23669354379546675,0.18211346056922928,0.18228243982607858,0.040764700689738115,lowest similarity
2010 CBSA 22020,839773.0,24918437.0,1178533048.0,1229209695.0,5367384464.0,1974522.392,90768629.822,4088821707.804,4272333489.84,342216946.704778,0.0005778770498928253,91.23913043478261,9931.355860113423,1.104322175897391,0.7278462007276923,0.706213573163438,0.01892881017512396,0.8834726231193326,18255.934782608696,0.0007208226167133736,0.00023077980787218708,0.0005778770498928253,0.0,0.041210451957605344,2010,22020,study_areas/2010/tracts_in_cbsa_22020_2010_march_2020_vintage_connected.json,46,123,208777,4197,188964,0.0201027891003319,0.9050996996795624,0.3374195657480564,0.5016074309848552,0.3242604030056522,0.11884057971014493,0.02221057979297644,0.040489629340891974,0.017491257253254816,0.017491257253254816,0.223429982043438,0.18634005145260293,0.29839547134503497,0.21539518361495277,0.2237428657527569,0.08010071019001705,middle sampled areas
2010 CBSA 22900,4707902.0,27317121.0,895560106.0,954902250.0,4292802654.0,8452858.276,179635955.072,3592614727.3,3960339495.72,161554983.44941208,0.003986745700694285,191.55102040816325,59387.83923365264,1.2854101164529539,0.46931262909120147,0.3452123606152845,0.042646465008370577,1.2611499694998565,96079.63265306123,0.00451072475957814,0.0019989619720291504,0.003986745700694285,0.0,0.04299106141801653,2010,22900,study_areas/2010/tracts_in_cbsa_22900_2010_march_2020_vintage_connected.json,49,120,248208,9386,189986,0.0378150583381679,0.765430606588023,0.5577440498161439,0.5429814097642024,0.7123246415184886,0.10204081632653061,0.04940364026823029,0.03848033665843839,0.10492238644026133,0.10492238644026133,0.19427371010418595,0.1819656911866628,0.3577226468128398,0.13199668987039476,0.199537705027753,0.04079321573920798,middle sampled areas
2010 CBSA 23540,94285474.0,141938214.0,826012970.0,1204174872.0,5271865516.0,202433840.092,785349868.958,2968294670.888,4741428248.896,200621022.13604686,0.008161914602930797,772.2857142857143,750510.118367347,1.1298603002807428,0.6141327254573444,0.5005034319819545,0.17875517226258966,0.9736924830298178,1346935.342857143,0.010004769332694176,0.0032499709332625745,0.008161914602930797,0.0,0.035091277307947255,2010,23540,study_areas/2010/tracts_in_cbsa_23540_2010_march_2020_vintage_connected.json,70,174,305076,54060,205306,0.1772017464500649,0.6729667361575477,0.4219306895354445,0.5532930460281977,0.4068651858129734,0.07204968944099378,0.2633142723544368,0.02508650797525308,0.2851070151962909,0.2851070151962909,0.20253199675704747,0.18594307630188917,0.3177598138109948,0.15306808812556352,0.2176979433872906,0.04231236066532478,middle sampled areas
2010 CBSA 28020,29832661.0,81012309.0,874578611.0,1066435890.0,4579356386.0,60034378.896,464474671.838,3464744920.252,4453728642.824,186863247.8295817,0.006275015541252138,468.0175438596491,304339.59618344106,1.1892153635166338,0.5000762754238777,0.42694999397315203,0.12322462957045141,1.312890480249114,523380.01754385966,0.007440098471848919,0.002729479388079062,0.006275015541252138,0.0,0.0354628190921158,2010,28020,study_areas/2010/tracts_in_cbsa_28020_2010_march_2020_vintage_connected.json,57,141,250331,26677,200047,0.1065669054172275,0.7991299519436267,0.460243794389542,0.5344002786723632,0.4694806768254284,0.08834586466165413,0.13335366188945597,0.02802272062026688,0.20979997254372323,0.20979997254372323,0.19318914928327938,0.1888903873657147,0.33196443361797945,0.14851373515009558,0.20154722382446164,0.041956585776877574,middle sampled areas
2010 CBSA 29340,119804489.0,100586084.0,649033102.0,970009759.0,4454959064.0,240035355.624,741455039.228,2135109920.636,3858055354.716,240095737.14755782,0.017252342540384186,1082.0227272727273,1552056.1131198348,1.1646875600724464,0.6812265223449416,0.464355652217015,0.2778925798510548,1.1433143179845344,2722829.2954545454,0.020793684183225573,0.007289683501868532,0.017252342540384186,0.0,0.04660112487841545,2010,29340,study_areas/2010/tracts_in_cbsa_29340_2010_march_2020_vintage_connected.json,44,107,199607,47609,140168,0.2385136793799816,0.7022198620288868,0.6169531524947209,0.6109317779976537,0.5861798069266839,0.113107822410148,0.33965669767707324,0.02580744069518988,0.4462056278142917,0.4462056278142917,0.20091066217071296,0.17880466978676313,0.3329383635244308,0.11945507318502334,0.2331177302039253,0.06223232044974943,middle sampled areas
2010 CBSA 32420,2277.0,5309.0,25801.0,38696.0,165914.0,2267.056,14466.984,85085.016,116286.04,13543.838325362842,0.007075364645222662,3.8484848484848486,54.18916437098254,1.942443640411374,0.7478378813051432,0.4968276905902578,0.0010233380911666182,1.7782631057115263,69.0,0.008465517838853262,0.0030113663744738527,0.007075364645222662,0.0,0.05047253938206191,2010,32420,study_areas/2010/tracts_in_cbsa_32420_2010_march_2020_vintage_connected.json,33,85,116211,127,743,0.0010928397483887,0.0063935427799433,0.3877343393986922,0.4902782160452342,-0.0554390696577235,0.16098484848484848,0.17092866756393002,0.04200702154320864,0.16772522132821263,0.16772522132821263,0.2496805436294425,0.1891207663359562,0.5010941766562735,0.26845693240852136,0.2326803769377015,0.11647002791876689,middle sampled areas
2010 CBSA 34900,655362.0,3834759.0,174137203.0,182462083.0,764388970.0,667817.228,22451503.794,699629844.82,745200669.636,35578860.284610786,0.0044424108263529044,61.0,12663.05,1.8682587200168497,0.424655899967081,0.4226018244067483,0.018957582188019764,2.085492734750827,16384.05,0.005047550626357459,0.002446637630179884,0.0044424108263529044,0.0,0.044380499941894865,2010,34900,study_areas/2010/tracts_in_cbsa_34900_2010_march_2020_vintage_connected.json,40,95,136484,2440,76967,0.0178775534128542,0.5639269071832596,0.6529529314990649,0.5338618458046707,0.4654699516681,0.12179487179487179,0.031701898216118594,0.03933294931553741,0.11373352334845171,0.11373352334845171,0.19669010368425904,0.19270410316584397,0.49529344636900535,0.14588452645597483,0.19929477019585778,0.047743999347168595,middle sampled areas
2010 CBSA 38220,108627193.0,49212146.0,144500904.0,351552389.0,1431344120.0,336490202.156,350708169.774,341392327.156,1379298868.86,62952421.332782984,0.022552801100527667,1591.6333333333334,1087609.7655555555,0.6664309401349416,0.923723590765821,0.3764733231274241,0.5285395397298206,0.6331024826081989,3620906.433333333,0.028457049764081803,0.008200847770833918,0.022552801100527667,0.0,0.057135715402839085,2010,38220,study_areas/2010/tracts_in_cbsa_38220_2010_march_2020_vintage_connected.json,30,67,100258,47749,48740,0.4762612459853578,0.4861457439805302,0.616232098151948,0.6212432970218924,0.5652190089216489,0.15402298850574714,0.9796676241280262,0.028678665638757282,0.4980606187118428,0.4980606187118428,0.2031095320314551,0.19718047975604625,0.24404167121334247,0.12305487883193812,0.29739229677312956,0.045640885201924074,highest similarity
2010 CBSA 39380,211188.0,4487816.0,183876634.0,193063454.0,873989842.0,695398.6,22884194.23,741533770.616,787997557.676,46884098.93538729,0.0007568967117080876,49.0,1509.888888888889,0.8004521209116482,0.5893002552950614,0.44556913253759267,0.01926993805282737,1.2785721847665688,3910.8888888888887,0.0009080827106674747,0.00032369033452976274,0.0007568967117080876,0.0,0.03506788824483147,2010,39380,study_areas/2010/tracts_in_cbsa_39380_2010_march_2020_vintage_connected.json,54,147,159063,2646,86054,0.0166349182399426,0.5410057650113477,0.3423064295738928,0.5028267306084679,0.1505264598867453,0.10272536687631027,0.030748134892044532,0.034159805534164,0.02589499271605879,0.02589499271605879,0.19679046634437056,0.18093140682262604,0.23294851258555996,0.16395639057161057,0.19869739207903092,0.05949777188860853,middle sampled areas
2010 CBSA 40580,185241099.0,136779834.0,227042022.0,685842789.0,3149800370.0,690755746.464,757912872.94,807421515.064,3014003007.408,136583820.39866433,0.009118670076863929,2117.71875,1304051.6396484375,0.5478646196453855,0.6083437058118047,0.32173998686224037,0.4598543645964347,0.48828208812201807,5788784.34375,0.011154934107674885,0.003562912949957732,0.009118670076863929,0.0,0.051320630077486704,2010,40580,study_areas/2010/tracts_in_cbsa_40580_2010_march_2020_vintage_connected.json,32,78,152392,67767,73130,0.4446886975694262,0.4798808336395611,0.3615767255096099,0.5395711562957395,0.3814444862671136,0.15725806451612903,0.926664843429509,0.040165695969811815,0.21735769983401515,0.21735769983401515,0.18537064157264374,0.17880776719042024,0.21146320327430068,0.15287912032703396,0.21947803268579916,0.04531641808683014,middle sampled areas
2010 CBSA 42200,1300300.0,17284087.0,602287518.0,638155992.0,3163360450.0,3091248.772,87852053.674,2446237300.6,2625032656.72,185999454.067825,0.0011811167017486538,81.37078651685393,7988.907461179146,1.1046605603788675,0.5501017073993367,0.42958840540691323,0.017147317158661843,1.199093924726763,14610.112359550561,0.00137178887128334,0.0005866776408655444,0.0011811167017486538,0.0,0.026035703327538837,2010,42200,study_areas/2010/tracts_in_cbsa_42200_2010_march_2020_vintage_connected.json,89,236,423895,7242,203122,0.0170844194906757,0.4791799856096439,0.3971339263742252,0.5100540765284071,0.3375703763184106,0.0602655771195097,0.03565344965094869,0.024663914456255497,0.05268875797306973,0.05268875797306973,0.19556208993627122,0.16786879702781515,0.29609144006109195,0.16439719861501753,0.1975668737630923,0.07085605338724923,middle sampled areas
2010 CBSA 47300,775911.0,13092083.0,409096575.0,436056652.0,1982023986.0,1876814.16,49843909.386,1305273972.1,1406838605.032,124143311.4580137,0.0009270913044324184,70.47435897435898,4980.941650230112,1.0079210876415179,0.739765717378304,0.46806273420257,0.01522519456484951,1.5916550426839788,9947.576923076924,0.0011456669558011345,0.00038065452988721724,0.0009270913044324184,0.0,0.03278641322388191,2010,47300,study_areas/2010/tracts_in_cbsa_47300_2010_march_2020_vintage_connected.json,78,194,442179,5497,143935,0.0124316170600593,0.3255129709913858,0.3557776832124343,0.5067379860722889,0.4241190304429561,0.06460206460206461,0.0381908500364748,0.03164074626808078,0.034943345219800394,0.034943345219800394,0.2366149949847249,0.18033172473547593,0.2924958121179806,0.20802219054088214,0.2386278600574542,0.08824275294548796,middle sampled areas
2010 CBSA 48900,49902043.0,115319584.0,913532479.0,1194073690.0,5144702818.0,125214779.02,644930617.008,3212335120.424,4627411133.46,219020073.85465422,0.00713480735870295,655.542372881356,416061.5363401321,0.9924074695767152,0.6607293225666381,0.5511726092409229,0.19282137141596659,1.1661709765924213,845797.3389830509,0.008609938731961144,0.002934436955204494,0.00713480735870295,0.0,0.03842189192705998,2010,48900,study_areas/2010/tracts_in_cbsa_48900_2010_march_2020_vintage_connected.json,59,149,254884,38677,194199,0.1517435382370019,0.7619113008270428,0.5010928143461866,0.5619771260595371,0.4908659243023637,0.08708357685563997,0.19916168466366974,0.029811953195098835,0.22408940060281857,0.22408940060281857,0.20511497087272354,0.18837605151293654,0.2849643022547584,0.15168635778997513,0.22141584939069192,0.047331016747346785,middle sampled areas
2010 CBSA 49740,474171.0,5502061.0,131651292.0,143129585.0,643971426.0,912522.848,20376935.808,441103495.96,482769890.424,33838624.75234272,0.0016646673060041603,59.79245283018868,5371.485226059098,1.2374768586219476,0.6881557137244988,0.5399959487495422,0.015719398611998718,0.8525036927692979,8946.622641509433,0.00203959050489099,0.0006706822965477409,0.0016646673060041603,0.0,0.036540153118277574,2010,49740,study_areas/2010/tracts_in_cbsa_49740_2010_march_2020_vintage_connected.json,53,132,195751,3169,69022,0.0161889339007208,0.3526010084239672,0.3810904831391812,0.5059299452752148,0.2901128756810146,0.09579100145137881,0.045912897337080934,0.03450056261338658,0.05581778757984395,0.05581778757984395,0.22867823128153356,0.18184398571430624,0.34194353763369406,0.212607198061833,0.22985629237410102,0.07009265785532613,middle sampled areas
2020 CBSA 10180,7637230.0,31387157.0,375614938.0,446026482.0,1998936490.0,16049887.868,138357123.574,1154832222.552,1447596357.568,120748181.30333394,0.005152082620162894,266.85714285714283,84649.10204081632,1.1015640831768976,0.7224535453118652,0.5681446529641649,0.07532284656445613,0.8393049770735488,155861.83673469388,0.006245661531026561,0.002133106663921655,0.005152082620162894,0.0,0.04032369141842532,2020,10180,study_areas/2020/tracts_in_cbsa_10180_2020_march_2020_vintage_connected.json,49,115,176579,13076,110356,0.0740518408191234,0.6249667287729571,0.4305756709997902,0.5156178419886978,0.3070397653194505,0.0977891156462585,0.11848925296313748,0.034078029887398754,0.15488813923848,0.15488813923848,0.2355413510441994,0.1824266817567166,0.3224212435873205,0.18490848053237807,0.24542823018112145,0.08341288002837619,middle sampled areas
2020 CBSA 11100,11785074.0,31636476.0,461477411.0,536535437.0,2567160592.0,18084817.112,172336525.708,1577483573.256,1940241441.784,95649120.06084047,0.007369772497357987,230.88888888888889,110371.90432098764,1.4489830592913753,0.6463559376300034,0.4919322143119389,0.06468381771245776,1.420365642780993,163681.58333333334,0.008679881131774855,0.003292652929823251,0.007369772497357987,0.0,0.03556922444068214,2020,11100,study_areas/2020/tracts_in_cbsa_11100_2020_march_2020_vintage_connected.json,72,175,268691,16624,153401,0.0618703268810641,0.5709197554067683,0.5223923536624735,0.5290824447965142,0.3911376207882575,0.06846635367762129,0.10836956734310728,0.026889343308907285,0.24402784340294134,0.24402784340294134,0.216626471926457,0.17286984034092728,0.3945469354344394,0.15510129151940205,0.22632969172207543,0.04929753483303278,middle sampled areas
2020 CBSA 11460,42256287.0,84990127.0,760181104.0,972417645.0,4225301422.0,80973309.364,497922902.834,2977662532.084,4054481647.116,132724984.37690033,0.006507786508581917,401.1904761904762,241487.03038548757,1.2307625432120735,0.5071200115158493,0.4051838066190636,0.1206921131423534,1.1681981384010998,402440.82857142854,0.007818810997123699,0.002752210875719371,0.006507786508581917,0.0,0.029541080735511274,2020,11460,study_areas/2020/tracts_in_cbsa_11460_2020_march_2020_vintage_connected.json,105,258,372258,42125,252220,0.1131607648458864,0.6775408453277029,0.5371253818024724,0.5546223537807983,0.3789144268192911,0.04725274725274725,0.16701689001665213,0.021722269738387576,0.2646758616290135,0.2646758616290135,0.19344283394041795,0.1870854566138097,0.3429069659141126,0.14580241416837636,0.20337423873525473,0.03273537678270394,middle sampled areas
2020 CBSA 14020,1267243.0,18908290.0,499298054.0,538381877.0,2569180010.0,3220354.096,85806645.138,2227455658.932,2402289303.304,86810539.63751371,0.0011499524051958303,130.64102564102564,15426.332675871137,0.9631463215818893,0.3381851500519499,0.3485758728426743,0.029056573919669464,0.8568712375472669,32493.410256410258,0.0014067030902862043,0.0004627164991661739,0.0011499524051958303,0.0,0.04768792114444823,2020,14020,study_areas/2020/tracts_in_cbsa_14020_2020_march_2020_vintage_connected.json,39,97,161039,5095,132364,0.0316382987971857,0.8219375430796266,0.3857584813329905,0.5069202649310262,0.5451106994927207,0.13090418353576247,0.038492339306760145,0.04628121805416203,0.029498100494363255,0.029498100494363255,0.18308129130722575,0.17324896384275934,0.2823878732628541,0.18056918027100388,0.18311080008143424,0.036136588344342385,middle sampled areas
2020 CBSA 15940,21567657.0,80113222.0,1364895087.0,1546689188.0,7017146426.0,41622468.708,497533069.79,5763426182.704,6800114790.992,155421208.21634024,0.003987823513397492,297.37113402061857,133917.3880327346,1.237000646602064,0.4199488705597945,0.3486546596200351,0.08396010686853597,1.3685705417437453,222346.9793814433,0.0046261171741513295,0.0018382770755956499,0.003987823513397492,0.0,0.03028829695620006,2020,15940,study_areas/2020/tracts_in_cbsa_15940_2020_march_2020_vintage_connected.json,97,241,401574,28845,335739,0.071829849542052,0.8360576132916971,0.5307275969670104,0.5487507373242698,0.6791266722575359,0.05176116838487973,0.08591495179291056,0.02566217978204873,0.15273612712002801,0.15273612712002801,0.18530316416832707,0.18060706180201558,0.34131372201510735,0.1386890613488517,0.19147496799855607,0.02285567420453316,middle sampled areas
2020 CBSA 16620,6432682.0,32552187.0,730043603.0,801580659.0,3694570864.0,11361932.2,193273848.42,3187729807.548,3585639436.588,99725453.43539184,0.0033118529027847117,169.20987654320987,50783.84484072549,1.3400919440174557,0.3837517298912624,0.34146923589846206,0.06490822817439351,1.5639844011884882,79415.82716049382,0.003817248267614211,0.0015835333726310799,0.0033118529027847117,0.0,0.0312522584293108,2020,16620,study_areas/2020/tracts_in_cbsa_16620_2020_march_2020_vintage_connected.json,81,203,258859,13706,227211,0.0529477437523902,0.8777403914872576,0.5630490005130337,0.532547442251448,0.4624883374737446,0.06265432098765432,0.06032278366804424,0.02743501016169659,0.12214311731257471,0.12214311731257471,0.18270810251943098,0.1782815047267703,0.3614960081573446,0.1441471836471742,0.18634145635744792,0.027812460008608104,middle sampled areas
2020 CBSA 21780,12474742.0,56673247.0,919788453.0,1045609689.0,5232003086.0,28497036.652,337180630.518,3927501810.248,4630360107.936,179064978.78880832,0.003355646995041278,240.21505376344086,76433.73869811538,1.157150619045869,0.5011968043845257,0.44940203277902013,0.08471141485863833,1.2590854206120294,134137.01075268816,0.0038978214006788175,0.0015697973796022719,0.003355646995041278,0.0,0.02982656446169545,2020,21780,study_areas/2020/tracts_in_cbsa_21780_2020_march_2020_vintage_connected.json,93,249,314049,22340,261753,0.0711353960687663,0.833478215182981,0.5118201557783563,0.5432395361553854,0.6235345218307369,0.05820476858345021,0.08534763689432404,0.025928743061016633,0.13068288188820965,0.13068288188820965,0.1842169226419141,0.16656167343803713,0.30447157556805404,0.1438940943203229,0.18975312041323514,0.038671933632528466,middle sampled areas
2020 CBSA 22020,8746388.0,58854320.0,783323926.0,909778954.0,4549783730.0,22225151.26,289069645.82,3682749908.46,4283114351.36,131501660.05502738,0.0019336068471468037,265.03333333333336,75530.46555555555,1.0457074484069526,0.364777461852532,0.35706835441014345,0.059278373310303084,0.946205041805425,145773.13333333333,0.002355907887891317,0.00080266165169962,0.0019336068471468037,0.0,0.033811216855712006,2020,22020,study_areas/2020/tracts_in_cbsa_22020_2020_march_2020_vintage_connected.json,60,160,249843,15902,203866,0.0636479709257413,0.8159764332000496,0.3522067220652457,0.5115442166931033,0.4238028496234945,0.0903954802259887,0.0780022171426329,0.031455308967820686,0.06967829338840592,0.06967829338840592,0.17519692789777605,0.16663952896195008,0.2824008172979647,0.16915856848576089,0.17539430717779722,0.030702346299316566,middle sampled areas
2020 CBSA 22500,162587105.0,147718130.0,274933028.0,732956393.0,3429956054.0,622862073.232,781509516.326,971973372.16,3157854478.044,110675489.07987118,0.006748387469124167,1523.388888888889,690158.6080246912,0.5504560077083969,0.641353717264141,0.41411715698347923,0.43580519883178576,0.4969950245779974,3010872.314814815,0.008322569669292557,0.002570073874156535,0.006748387469124167,0.0,0.042039126552400004,2020,22500,study_areas/2020/tracts_in_cbsa_22500_2020_march_2020_vintage_connected.json,54,135,199964,82263,102842,0.4113890500290052,0.5143025744634034,0.3368548265926155,0.5257148983988607,0.2493516222692329,0.09433962264150944,0.7998969292701426,0.03371655688310744,0.19797199304126417,0.19797199304126417,0.18838139845212518,0.17606817398434707,0.2069988861226821,0.15896872051111596,0.22049211389461254,0.03504768501822302,middle sampled areas
2020 CBSA 22900,3772165.0,21422354.0,522264844.0,568881717.0,2779103032.0,6820023.496,125049794.036,2231951976.8,2488871588.368,76156146.76114362,0.0034490077794444357,149.38095238095238,37560.96598639455,1.3078188191164601,0.40852630625686076,0.30826448845746673,0.03703894368933459,1.1527809013001524,59875.63492063492,0.004017912045538994,0.0015985098520040293,0.0034490077794444357,0.0,0.03668628036419508,2020,22900,study_areas/2020/tracts_in_cbsa_22900_2020_march_2020_vintage_connected.json,63,157,244310,9411,168110,0.0385207318570668,0.6881011829233351,0.5294889445163886,0.5402983529260617,0.7451671662680598,0.08038914490527393,0.0559812027838915,0.032668368318656084,0.10952083464586883,0.10952083464586883,0.1860456551551451,0.16991765484293728,0.3561270649049069,0.14625547783142226,0.18962372172583747,0.030598664518116277,middle sampled areas
2020 CBSA 24020,1400565.0,5812849.0,335543190.0,348569453.0,1530024536.0,422817.96,27956474.32,1373310179.392,1429645945.992,56218568.63536792,0.0037436590129656827,52.25,29100.960227272728,3.3026266067730705,0.375710088110301,0.3777543285024349,0.01542062032676489,2.8403542316419164,31831.022727272728,0.002104686059420547,0.0035089185556964283,0.0037436590129656827,0.0,0.01246570559945071,2020,24020,study_areas/2020/tracts_in_cbsa_24020_2020_march_2020_vintage_connected.json,44,103,127039,2299,113904,0.0180968049181747,0.896606553892899,0.5237446431236922,0.4951339702808213,-0.0477989313225953,0.10887949260042283,0.020183663435875826,0.010361019540030162,0.1688381008703822,0.1688381008703822,0.19602206414228007,0.18554805085134338,0.7681134631202213,0.17213400887299746,0.19635575293355,0.03932342045453714,middle sampled areas
2020 CBSA 24300,42952.0,3738448.0,497504997.0,505024845.0,2341081996.0,156997.98,18819471.046,2217296322.84,2255092262.912,98661281.01956008,0.00014920065008188404,30.90909090909091,346.2038567493114,0.6113102808848965,0.3604903669249659,0.33069578741521527,0.0069925301579150615,0.7337501441876532,1301.5757575757575,0.00017766402388978697,6.315188350909446e-05,0.00014920065008188404,0.0,0.03695491703082394,2020,24300,study_areas/2020/tracts_in_cbsa_24300_2020_march_2020_vintage_connected.json,33,83,155703,1020,120749,0.0065509335080248,0.7755085001573508,0.2582921565217363,0.500701410883324,0.2524891589278026,0.1571969696969697,0.008447274925672262,0.03677725300693415,0.004807588222741731,0.004807588222741731,0.18297225271794573,0.1774440923034906,0.21481372491260062,0.16572663428645945,0.1832565032896481,0.04375044100952162,lowest similarity
2020 CBSA 25260,8043162.0,15336322.0,88741475.0,127457281.0,416083404.0,9151442.14,52168579.764,276280264.46,389768866.128,46310434.25470857,0.009614806784915917,267.741935483871,187771.0946930281,1.6451980652567684,0.64124502857946,0.349249669395532,0.04442655609050225,1.1342856556555008,259456.83870967742,0.010357818046657963,0.004580588272995172,0.009614806784915917,0.0,0.05090637714795255,2020,25260,study_areas/2020/tracts_in_cbsa_25260_2020_march_2020_vintage_connected.json,31,69,152486,8300,44361,0.05443122647325,0.2909185105517883,0.3781710000888113,0.5123474838742222,0.2299863471916901,0.14838709677419354,0.18710128265819076,0.04054855910129458,0.20346798627123586,0.20346798627123586,0.24642466686522257,0.23449446291219211,0.4677724438731975,0.22718827224749444,0.24311284892587753,0.11881511911087386,middle sampled areas
2020 CBSA 27100,12631025.0,29058131.0,443247129.0,513994416.0,2271733044.0,15536092.424,178686659.946,1881404586.044,2254313998.36,92687492.57289289,0.00786657644710312,269.2391304347826,202097.7906427221,1.688166440645143,0.436470216320229,0.37013780566451165,0.08773253189817522,1.4230423484319075,274587.5,0.008872888869356851,0.004119427252640128,0.00786657644710312,0.0,0.036786647479154055,2020,27100,study_areas/2020/tracts_in_cbsa_27100_2020_march_2020_vintage_connected.json,46,116,160366,12385,131097,0.0772295873190077,0.8174862502026614,0.5710007994431783,0.5424484789956262,0.5339424172781657,0.11207729468599034,0.09447203215939343,0.027913758609797203,0.24119862714820273,0.24119862714820273,0.1856709365668093,0.1845099434098984,0.4484315810476808,0.1398741738249081,0.1906724891868847,0.0411156088461157,middle sampled areas
2020 CBSA 27620,6685962.0,36918049.0,464821917.0,545343977.0,2408966598.0,12640293.56,161307901.326,1978319296.596,2313575392.808,74540442.4655602,0.003540724075480794,278.1081081081081,103357.55588020451,1.1719445842147027,0.2833273758347071,0.2963795305911603,0.06661856180073195,1.2619407235702338,180701.67567567568,0.004449861969639014,0.0013873386281881915,0.003540724075480794,0.0,0.04568085559116242,2020,27620,study_areas/2020/tracts_in_cbsa_27620_2020_march_2020_vintage_connected.json,37,85,150309,10290,126303,0.0684589745125042,0.8402890046504201,0.4716191285018725,0.5133567057546556,0.4357044625590292,0.12762762762762764,0.08147074891332748,0.0412309936215234,0.09741196639276391,0.09741196639276391,0.19075178641243887,0.18459263613474355,0.34595227095299774,0.18624226010411363,0.1902558535762409,0.03221872202534538,middle sampled areas
2020 CBSA 29540,7615420.0,57689077.0,1906978829.0,2029972403.0,10825816776.0,17213121.628,392483619.474,8854708286.324,9656888646.9,208870585.7079059,0.0018988895522770797,168.41379310344828,37286.966706302024,1.1515450810752603,0.375028883534753,0.2611776774777243,0.037386602994649784,1.1436620265476403,65650.1724137931,0.002143396506575584,0.000962318760901807,0.0018988895522770797,0.0,0.026304481223915398,2020,29540,study_areas/2020/tracts_in_cbsa_29540_2020_march_2020_vintage_connected.json,116,307,552984,19536,440613,0.0353283277635519,0.7967915889067315,0.4943686430526923,0.5288617558976636,0.6728857230232008,0.04602698650674663,0.044338228785805234,0.024161084717339812,0.08148408205925231,0.08148408205925231,0.17369697426302247,0.15790336748178563,0.3067203911570799,0.1281487692431206,0.17720073149911375,0.0216291803028045,middle sampled areas
2020 CBSA 29740,306626.0,4579271.0,89763649.0,99228817.0,469463424.0,820205.5,15525935.928,292029683.608,323901760.964,24065393.987627722,0.0006289973295126292,52.0,2322.655737704918,0.9344979877730469,0.7366802629452036,0.4244514630389325,0.014335388826380175,1.0240332434705477,5026.6557377049185,0.000798937675886456,0.00023193073580146778,0.0006289973295126292,0.0,0.03624587688918945,2020,29740,study_areas/2020/tracts_in_cbsa_29740_2020_march_2020_vintage_connected.json,61,153,219561,3172,59749,0.0144470101702943,0.2721293854555226,0.2325738851159127,0.5028447161584276,0.2854583429792069,0.08360655737704918,0.053088754623508344,0.03544693921330299,0.022042167122317408,0.022042167122317408,0.23451109933360192,0.1744859694683262,0.2721134437580064,0.2277654249667318,0.23511057248389236,0.07429843516751508,middle sampled areas
2020 CBSA 31460,2578803.0,6322788.0,113712639.0,128937018.0,485562918.0,2220516.12,29627128.348,341854611.04,403329383.856,52377498.48470237,0.010842853715172488,121.5,61084.89705882353,2.0647769046893663,0.8186632859501184,0.34365578570432675,0.022326063807650613,1.5026785003393894,75847.14705882352,0.010648392538321793,0.006187740972226688,0.010842853715172488,0.0,0.0468982748910991,2020,31460,study_areas/2020/tracts_in_cbsa_31460_2020_march_2020_vintage_connected.json,34,86,156255,4131,48399,0.026437553998272,0.3097436882019775,0.549352488917356,0.5158683780814688,0.2882934393675476,0.1532976827094474,0.08535300316122234,0.036249882352777305,0.22705296864432786,0.22705296864432786,0.2422415120518593,0.209824298500822,0.5373268448129367,0.17587768324116712,0.24960670239139388,0.12986283811992885,middle sampled areas
2020 CBSA 32780,65162.0,5380650.0,606949798.0,617776260.0,3060669922.0,253171.492,27565150.416,2977277188.54,3032660660.864,85907931.07908829,0.00011011885840072823,30.26923076923077,336.8890532544379,0.6122920901699087,0.30143371082042997,0.3055492682744284,0.00710026440441018,0.6304162761906678,1253.1153846153845,0.00013124796044030514,4.6132883067806756e-05,0.00011011885840072823,0.0,0.04052765815054925,2020,32780,study_areas/2020/tracts_in_cbsa_32780_2020_march_2020_vintage_connected.json,52,139,223259,1574,170232,0.007050107722421,0.7624866186805459,0.2421638594355991,0.5006188082669961,0.4153229109532051,0.1048265460030166,0.009246205178814793,0.04039641019010894,0.003238478768073758,0.003238478768073758,0.1692335118761023,0.16794489559831216,0.20469728017182687,0.16331823577086044,0.16933910722711046,0.028327577888194476,lowest similarity
2020 CBSA 34820,45818691.0,173466057.0,1514579537.0,1907330342.0,8753749484.0,109447057.1,820633526.1,6107917570.384,7858631679.684,321281428.9524271,0.0027849192878888697,422.9916666666667,202900.47493055553,1.0693672087034407,0.533771802978717,0.5062197222840823,0.09841344659440333,0.9788219766492234,381822.425,0.003416834795876487,0.0011323885697976323,0.0027849192878888697,0.0,0.026799114801003065,2020,34820,study_areas/2020/tracts_in_cbsa_34820_2020_march_2020_vintage_connected.json,120,310,487722,50759,376445,0.1040736321100955,0.7718433861913139,0.3909141284995582,0.5179878221552887,0.3999777131872489,0.04341736694677871,0.13483775850389831,0.023382280005126578,0.1274980469037208,0.1274980469037208,0.19530388688436742,0.1789059244588382,0.2950985105259027,0.17449565410646634,0.19869860436323544,0.040882616980637776,middle sampled areas
2020 CBSA 34900,554248.0,3343774.0,141089941.0,148331737.0,605861942.0,568219.64,18820151.306,561529201.736,599737723.988,32804085.97715215,0.004338085567491536,57.5,10549.95,1.8090686520457024,0.43971270269010904,0.46329919502177713,0.014702091966675912,1.3452663918956356,13856.2,0.004865666289710281,0.0023524068282524254,0.004338085567491536,0.0,0.04532532687603724,2020,34900,study_areas/2020/tracts_in_cbsa_34900_2020_march_2020_vintage_connected.json,40,95,138019,2300,68909,0.0166643722965678,0.4992718393844326,0.5682877670424826,0.5305342844445714,0.482155803469668,0.12179487179487179,0.033377352740570895,0.04045966058632696,0.10734983341692521,0.10734983341692521,0.19828604793476448,0.19667592175616735,0.49377637292064824,0.1508656049790425,0.20080571737712066,0.05469738631583648,middle sampled areas
2020 CBSA 37620,65338.0,3055706.0,260225701.0,266402451.0,1162346024.0,166252.8,13830122.66,1116351492.176,1144177990.296,56526476.02579569,0.00041698514335799,34.06666666666667,1017.3955555555556,0.9523068437201564,0.38190557787703194,0.37814444893088545,0.011612962012236635,0.8720004307452552,2177.9333333333334,0.0005030486328062637,0.00017527382411902605,0.00041698514335799,0.0,0.04845386213731504,2020,37620,study_areas/2020/tracts_in_cbsa_37620_2020_march_2020_vintage_connected.json,30,74,89490,1022,82717,0.0114202704212761,0.9243155659850264,0.3382748435609809,0.502111262158156,0.38099355164864,0.17011494252873563,0.01235538039338951,0.04795081350450878,0.010382013127883536,0.010382013127883536,0.18886016224302474,0.1864586074186361,0.2821269238674421,0.1809627505719343,0.1890382190624665,0.04940356876745395,lowest similarity
2020 CBSA 39150,47225.0,4733394.0,586738770.0,596252783.0,2959056576.0,147661.592,19214291.136,2492381846.544,2530958090.408,138597720.88683203,6.464588553271912e-05,19.65277777777778,269.6711033950617,0.8414539171240492,0.510900228358164,0.5173723752301342,0.00568442190194162,0.5454824885601383,655.9027777777778,7.935677181928965e-05,2.716248173009528e-05,6.464588553271912e-05,0.0,0.032368888972473996,2020,39150,study_areas/2020/tracts_in_cbsa_39150_2020_march_2020_vintage_connected.json,72,193,236209,1415,183296,0.0059904576032242,0.7759907539509502,0.2082520061393292,0.5001919740993729,0.1452019769141828,0.07550860719874804,0.007719753840782123,0.032289532200654704,0.002451637184296731,0.002451637184296731,0.1906659982766721,0.16770770776687283,0.2423204157626195,0.1976555969029507,0.1905540065067521,0.05476097032665189,lowest similarity
2020 CBSA 41140,1654267.0,16603992.0,321218174.0,356080425.0,1708979006.0,3772022.296,73716919.296,1391040931.72,1542246792.608,68631134.40560937,0.0018876375100154634,145.3783783783784,23575.04601899197,1.070720372451305,0.3998975502180548,0.38711992349980007,0.04258781208520172,0.947555753312688,44709.91891891892,0.0023169560526103894,0.0007700652982981938,0.0018876375100154634,0.0,0.04704464843952529,2020,41140,study_areas/2020/tracts_in_cbsa_41140_2020_march_2020_vintage_connected.json,37,93,121467,5379,101414,0.044283632591568,0.8349098932220274,0.3859164413886291,0.5076285192909358,0.3867622503708492,0.13963963963963963,0.05304001419922299,0.0447276923869149,0.049250151281049065,0.049250151281049065,0.18757589402773328,0.1724310785707358,0.30486155635296597,0.18383330905049597,0.18759904556905754,0.04450074704940797,middle sampled areas
2020 CBSA 41660,864085.0,9723078.0,190840601.0,211150842.0,969625194.0,2715532.328,44177927.342,703211405.168,794282792.18,65826655.01869331,0.0016170789920834886,143.53571428571428,10257.677295918369,0.7185577450152502,0.5480769195154076,0.40554109513478864,0.0337582756769833,0.8658841706309769,30860.178571428572,0.0019602412528360383,0.0006708188287914194,0.0016170789920834886,0.0,0.045540905964822825,2020,41660,study_areas/2020/tracts_in_cbsa_41660_2020_march_2020_vintage_connected.json,28,67,122888,4019,64369,0.0327045765249658,0.5238021613176226,0.3195691961883843,0.5034921966338998,0.0787131416733476,0.17724867724867724,0.062436887321536766,0.04358066471198679,0.043043527819806394,0.043043527819806394,0.21000972597481085,0.17882378669819143,0.24139032774287653,0.18038769292534357,0.2134558165334953,0.08287558998731992,middle sampled areas
2020 CBSA 42140,44887.0,1654117.0,111097105.0,114450226.0,475508736.0,133045.8,7484832.738,413820168.752,428922880.028,25674265.631502222,0.0004656845323817197,21.42105263157895,328.62973222530013,0.85379976814509,0.6179055396080655,0.4927831899659334,0.008161876305262323,1.0480541249606912,787.4912280701755,0.0005651939115870344,0.00019041891783334454,0.0004656845323817197,0.0,0.026834231487625718,2020,42140,study_areas/2020/tracts_in_cbsa_42140_2020_march_2020_vintage_connected.json,57,147,154823,1221,67861,0.007886425143551,0.4383134288833054,0.334643534301659,0.5020634203767885,0.1069496266396567,0.09210526315789473,0.01799266146976909,0.026269037576038684,0.0210624221471618,0.0210624221471618,0.21062916940556564,0.1939969275354444,0.2522693960866125,0.18099639974188028,0.21164688333820852,0.05985753343311089,middle sampled areas
2020 CBSA 47300,549890.0,8693136.0,227487878.0,245424040.0,1105781436.0,1396127.004,32858709.624,768959701.676,836073247.928,54171629.65616102,0.0007535672167978087,51.76699029126213,2658.916580262042,1.0009628667390182,0.7099050910203977,0.37204213316165735,0.011757826430937738,1.061238790551629,5338.73786407767,0.0009474335248245769,0.00029279178320989547,0.0007535672167978087,0.0,0.02811332158134578,2020,47300,study_areas/2020/tracts_in_cbsa_47300_2020_march_2020_vintage_connected.json,103,262,473117,5332,125022,0.0112699395709729,0.2642517601354421,0.3200576293471073,0.5058140184152439,0.4468179357444645,0.04987626118408529,0.04264849386507975,0.027165888056521204,0.03370051888330527,0.03370051888330527,0.22692987096638836,0.18163339651829535,0.28257204272609737,0.20921178998072995,0.2282988916225466,0.06479292309664489,middle sampled areas
2020 CBSA 49420,92912.0,3949246.0,300556204.0,308547608.0,1410136882.0,268624.048,16325491.206,979834731.7,1012754338.16,91132594.7222944,0.00040924438468732503,30.140350877192983,721.5943367189903,0.8991697099940446,0.7794313511046868,0.38020107684426174,0.006550630062730296,0.8353740673871953,1630.0350877192982,0.0005047402721515326,0.00016909875780351033,0.00040924438468732503,0.0,0.03511283343727057,2020,49420,study_areas/2020/tracts_in_cbsa_49420_2020_march_2020_vintage_connected.json,57,150,256728,1718,103578,0.0066919073883643,0.4034542395064037,0.3381153188732528,0.5031941777462631,0.3793650856906424,0.09398496240601503,0.01658653381992315,0.034608093165119036,0.014374808944235621,0.014374808944235621,0.2335178638741195,0.17952545088714916,0.256992353913212,0.19478654445056287,0.23473784109201265,0.08998489691771315,middle sampled areas
2020 CBSA 49700,899279.0,10674649.0,192982934.0,215231511.0,1003379590.0,2651972.72,48416100.986,870703202.588,970187377.28,47771108.87142501,0.0010528545302212,115.125,9228.209375,0.8450584887912024,0.34700546206034755,0.3876624435532616,0.02453644837563539,0.7929605155454288,22481.975,0.0012770693820525329,0.0004490198020924284,0.0010528545302212,0.0,0.043627037304004274,2020,49700,study_areas/2020/tracts_in_cbsa_49700_2020_march_2020_vintage_connected.json,40,101,181208,4605,83116,0.0254127853074919,0.4586773210895766,0.3097259411502854,0.5028276632770142,0.2640720867489085,0.1294871794871795,0.055404494922758556,0.04234996792195174,0.02927242968972633,0.02927242968972633,0.18156578499630047,0.17662034329359028,0.2532287404284594,0.18064839255770282,0.18142845653609238,0.04923905421791328,middle sampled areas
